uf,municipio_cod,municipio_fato,populacao
MG,3100104,Abadia dos Dourados,"  6,235 "
MG,3100203,Abaeté,"  22,492 "
MG,3100302,Abre Campo,"  13,882 "
MG,3100401,Acaiaca,"  3,920 "
MG,3100500,Açucena,"  9,229 "
MG,3100609,Água Boa,"  12,390 "
MG,3100708,Água Comprida,"  2,085 "
MG,3100807,Aguanil,"  4,362 "
MG,3100906,Águas Formosas,"  18,430 "
MG,3101003,Águas Vermelhas,"  14,026 "
MG,3101102,Aimorés,"  24,934 "
MG,3101201,Aiuruoca,"  6,225 "
MG,3101300,Alagoa,"  2,646 "
MG,3101409,Albertina,"  2,941 "
MG,3101508,Além Paraíba,"  30,608 "
MG,3101607,Alfenas,"  79,175 "
MG,3101631,Alfredo Vasconcelos,"  6,938 "
MG,3101706,Almenara,"  39,915 "
MG,3101805,Alpercata,"  6,403 "
MG,3101904,Alpinópolis,"  17,883 "
MG,3102001,Alterosa,"  13,697 "
MG,3102050,Alto Caparaó,"  5,796 "
MG,3102100,Alto Rio Doce,"  10,894 "
MG,3102209,Alvarenga,"  3,858 "
MG,3102308,Alvinópolis,"  15,178 "
MG,3102407,Alvorada de Minas,"  4,065 "
MG,3102506,Amparo do Serra,"  4,472 "
MG,3102605,Andradas,"  40,522 "
MG,3102704,Cachoeira de Pajeú,"  9,020 "
MG,3102803,Andrelândia,"  11,730 "
MG,3102852,Angelândia,"  7,730 "
MG,3102902,Antônio Carlos,"  11,095 "
MG,3103009,Antônio Dias,"  9,248 "
MG,3103108,Antônio Prado de Minas,"  1,537 "
MG,3103207,Araçaí,"  2,174 "
MG,3103306,Aracitaba,"  1,804 "
MG,3103405,Araçuaí,"  34,807 "
MG,3103504,Araguari,"  121,424 "
MG,3103603,Arantina,"  2,916 "
MG,3103702,Araponga,"  8,048 "
MG,3103751,Araporã,"  8,543 "
MG,3103801,Arapuá,"  2,621 "
MG,3103900,Araújos,"  9,192 "
MG,3104007,Araxá,"  116,561 "
MG,3104106,Arceburgo,"  9,278 "
MG,3104205,Arcos,"  41,635 "
MG,3104304,Areado,"  13,752 "
MG,3104403,Argirita,"  2,717 "
MG,3104452,Aricanduva,"  4,721 "
MG,3104502,Arinos,"  18,526 "
MG,3104601,Astolfo Dutra,"  14,239 "
MG,3104700,Ataléia,"  13,744 "
MG,3104809,Augusto de Lima,"  4,507 "
MG,3104908,Baependi,"  18,261 "
MG,3105004,Baldim,"  7,336 "
MG,3105103,Bambuí,"  23,545 "
MG,3105202,Bandeira,"  4,606 "
MG,3105301,Bandeira do Sul,"  5,968 "
MG,3105400,Barão de Cocais,"  30,643 "
MG,3105509,Barão de Monte Alto,"  4,965 "
MG,3105608,Barbacena,"  122,894 "
MG,3105707,Barra Longa,"  5,678 "
MG,3105905,Barroso,"  19,802 "
MG,3106002,Bela Vista de Minas,"  9,505 "
MG,3106101,Belmiro Braga,"  2,905 "
MG,3106200,Belo Horizonte,"  2,392,678 "
MG,3106309,Belo Oriente,"  22,149 "
MG,3106408,Belo Vale,"  8,632 "
MG,3106507,Berilo,"  9,615 "
MG,3106606,Bertópolis,"  4,457 "
MG,3106655,Berizal,"  4,191 "
MG,3106705,Betim,"  428,956 "
MG,3106804,Bias Fortes,"  3,357 "
MG,3106903,Bicas,"  13,935 "
MG,3107000,Biquinhas,"  2,356 "
MG,3107109,Boa Esperança,"  41,060 "
MG,3107208,Bocaina de Minas,"  5,316 "
MG,3107307,Bocaiúva,"  50,185 "
MG,3107406,Bom Despacho,"  53,750 "
MG,3107505,Bom Jardim de Minas,"  6,771 "
MG,3107604,Bom Jesus da Penha,"  4,479 "
MG,3107703,Bom Jesus do Amparo,"  5,592 "
MG,3107802,Bom Jesus do Galho,"  14,668 "
MG,3107901,Bom Repouso,"  12,645 "
MG,3108008,Bom Sucesso,"  18,045 "
MG,3108107,Bonfim,"  7,377 "
MG,3108206,Bonfinópolis de Minas,"  5,729 "
MG,3108255,Bonito de Minas,"  9,917 "
MG,3108305,Borda da Mata,"  17,581 "
MG,3108404,Botelhos,"  14,703 "
MG,3108503,Botumirim,"  5,760 "
MG,3108552,Brasilândia de Minas,"  14,696 "
MG,3108602,Brasília de Minas,"  31,246 "
MG,3108701,Brás Pires,"  4,258 "
MG,3108800,Braúnas,"  4,443 "
MG,3108909,Brazópolis,"  13,981 "
MG,3109006,Brumadinho,"  38,640 "
MG,3109105,Bueno Brandão,"  10,761 "
MG,3109204,Buenópolis,"  9,058 "
MG,3109253,Bugre,"  4,041 "
MG,3109303,Buritis,"  25,223 "
MG,3109402,Buritizeiro,"  23,687 "
MG,3109451,Cabeceira Grande,"  6,485 "
MG,3109501,Cabo Verde,"  11,276 "
MG,3109600,Cachoeira da Prata,"  3,707 "
MG,3109709,Cachoeira de Minas,"  11,759 "
MG,3109808,Cachoeira Dourada,"  2,310 "
MG,3109907,Caetanópolis,"  11,425 "
MG,3110004,Caeté,"  39,578 "
MG,3110103,Caiana,"  5,307 "
MG,3110202,Cajuri,"  4,080 "
MG,3110301,Caldas,"  15,082 "
MG,3110400,Camacho,"  3,028 "
MG,3110509,Camanducaia,"  27,942 "
MG,3110608,Cambuí,"  29,584 "
MG,3110707,Cambuquira,"  12,309 "
MG,3110806,Campanário,"  2,737 "
MG,3110905,Campanha,"  15,856 "
MG,3111002,Campestre,"  21,585 "
MG,3111101,Campina Verde,"  17,817 "
MG,3111150,Campo Azul,"  3,615 "
MG,3111200,Campo Belo,"  52,318 "
MG,3111309,Campo do Meio,"  11,268 "
MG,3111408,Campo Florido,"  8,181 "
MG,3111507,Campos Altos,"  13,359 "
MG,3111606,Campos Gerais,"  25,972 "
MG,3111705,Canaã,"  4,715 "
MG,3111804,Canápolis,"  9,844 "
MG,3111903,Cana Verde,"  5,272 "
MG,3112000,Candeias,"  14,017 "
MG,3112059,Cantagalo,"  3,937 "
MG,3112109,Caparaó,"  4,978 "
MG,3112208,Capela Nova,"  4,369 "
MG,3112307,Capelinha,"  39,472 "
MG,3112406,Capetinga,"  6,473 "
MG,3112505,Capim Branco,"  10,706 "
MG,3112604,Capinópolis,"  14,392 "
MG,3112653,Capitão Andrade,"  4,483 "
MG,3112703,Capitão Enéas,"  14,633 "
MG,3112802,Capitólio,"  9,794 "
MG,3112901,Caputira,"  8,976 "
MG,3113008,Caraí,"  19,251 "
MG,3113107,Caranaíba,"  2,937 "
MG,3113206,Carandaí,"  23,826 "
MG,3113305,Carangola,"  30,778 "
MG,3113404,Caratinga,"  88,311 "
MG,3113503,Carbonita,"  8,480 "
MG,3113602,Careaçu,"  6,739 "
MG,3113701,Carlos Chagas,"  18,531 "
MG,3113800,Carmésia,"  2,614 "
MG,3113909,Carmo da Cachoeira,"  11,537 "
MG,3114006,Carmo da Mata,"  10,940 "
MG,3114105,Carmo de Minas,"  13,286 "
MG,3114204,Carmo do Cajuru,"  23,374 "
MG,3114303,Carmo do Paranaíba,"  28,883 "
MG,3114402,Carmo do Rio Claro,"  20,725 "
MG,3114501,Carmópolis de Minas,"  17,596 "
MG,3114550,Carneirinho,"  9,401 "
MG,3114600,Carrancas,"  4,049 "
MG,3114709,Carvalhópolis,"  3,333 "
MG,3114808,Carvalhos,"  4,374 "
MG,3114907,Casa Grande,"  2,210 "
MG,3115003,Cascalho Rico,"  2,705 "
MG,3115102,Cássia,"  16,923 "
MG,3115201,Conceição da Barra de Minas,"  3,588 "
MG,3115300,Cataguases,"  68,214 "
MG,3115359,Catas Altas,"  5,486 "
MG,3115409,Catas Altas da Noruega,"  2,918 "
MG,3115458,Catuji,"  7,035 "
MG,3115474,Catuti,"  4,730 "
MG,3115508,Caxambu,"  21,011 "
MG,3115607,Cedro do Abaeté,"  1,072 "
MG,3115706,Central de Minas,"  6,149 "
MG,3115805,Centralina,"  10,207 "
MG,3115904,Chácara,"  3,092 "
MG,3116001,Chalé,"  6,079 "
MG,3116100,Chapada do Norte,"  9,913 "
MG,3116159,Chapada Gaúcha,"  12,237 "
MG,3116209,Chiador,"  2,800 "
MG,3116308,Cipotânea,"  5,623 "
MG,3116407,Claraval,"  4,658 "
MG,3116506,Claro dos Poções,"  7,011 "
MG,3116605,Cláudio,"  31,388 "
MG,3116704,Coimbra,"  7,078 "
MG,3116803,Coluna,"  8,072 "
MG,3116902,Comendador Gomes,"  2,708 "
MG,3117009,Comercinho,"  6,681 "
MG,3117108,Conceição da Aparecida,"  10,408 "
MG,3117207,Conceição das Pedras,"  2,752 "
MG,3117306,Conceição das Alagoas,"  26,423 "
MG,3117405,Conceição de Ipanema,"  4,366 "
MG,3117504,Conceição do Mato Dentro,"  23,345 "
MG,3117603,Conceição do Pará,"  5,303 "
MG,3117702,Conceição do Rio Verde,"  12,495 "
MG,3117801,Conceição dos Ouros,"  10,774 "
MG,3117836,Cônego Marinho,"  7,246 "
MG,3117876,Confins,"  7,428 "
MG,3117900,Congonhal,"  10,969 "
MG,3118007,Congonhas,"  55,562 "
MG,3118106,Congonhas do Norte,"  4,830 "
MG,3118205,Conquista,"  6,679 "
MG,3118304,Conselheiro Lafaiete,"  134,537 "
MG,3118403,Conselheiro Pena,"  19,998 "
MG,3118502,Consolação,"  1,552 "
MG,3118601,Contagem,"  615,621 "
MG,3118700,Coqueiral,"  9,002 "
MG,3118809,Coração de Jesus,"  24,951 "
MG,3118908,Cordisburgo,"  7,548 "
MG,3119005,Cordislândia,"  3,208 "
MG,3119104,Corinto,"  22,992 "
MG,3119203,Coroaci,"  10,870 "
MG,3119302,Coromandel,"  29,233 "
MG,3119401,Coronel Fabriciano,"  96,621 "
MG,3119500,Coronel Murta,"  8,128 "
MG,3119609,Coronel Pacheco,"  2,702 "
MG,3119708,Coronel Xavier Chaves,"  3,474 "
MG,3119807,Córrego Danta,"  3,304 "
MG,3119906,Córrego do Bom Jesus,"  4,263 "
MG,3119955,Córrego Fundo,"  6,105 "
MG,3120003,Córrego Novo,"  2,876 "
MG,3120102,Couto de Magalhães de Minas,"  4,217 "
MG,3120151,Crisólita,"  4,979 "
MG,3120201,Cristais,"  12,184 "
MG,3120300,Cristália,"  4,977 "
MG,3120409,Cristiano Otoni,"  4,671 "
MG,3120508,Cristina,"  10,379 "
MG,3120607,Crucilândia,"  5,779 "
MG,3120706,Cruzeiro da Fortaleza,"  3,492 "
MG,3120805,Cruzília,"  15,223 "
MG,3120839,Cuparaque,"  3,963 "
MG,3120870,Curral de Dentro,"  7,406 "
MG,3120904,Curvelo,"  82,335 "
MG,3121001,Datas,"  5,459 "
MG,3121100,Delfim Moreira,"  7,820 "
MG,3121209,Delfinópolis,"  8,343 "
MG,3121258,Delta,"  9,852 "
MG,3121308,Descoberto,"  4,917 "
MG,3121407,Desterro de Entre Rios,"  7,633 "
MG,3121506,Desterro do Melo,"  2,997 "
MG,3121605,Diamantina,"  47,798 "
MG,3121704,Diogo de Vasconcelos,"  3,548 "
MG,3121803,Dionísio,"  7,010 "
MG,3121902,Divinésia,"  4,190 "
MG,3122009,Divino,"  20,705 "
MG,3122108,Divino das Laranjeiras,"  4,128 "
MG,3122207,Divinolândia de Minas,"  6,457 "
MG,3122306,Divinópolis,"  248,581 "
MG,3122355,Divisa Alegre,"  6,321 "
MG,3122405,Divisa Nova,"  5,791 "
MG,3122454,Divisópolis,"  10,206 "
MG,3122470,Dom Bosco,"  3,698 "
MG,3122504,Dom Cavati,"  4,904 "
MG,3122603,Dom Joaquim,"  4,920 "
MG,3122702,Dom Silvério,"  4,991 "
MG,3122801,Dom Viçoso,"  3,095 "
MG,3122900,Dona Euzébia,"  6,122 "
MG,3123007,Dores de Campos,"  9,956 "
MG,3123106,Dores de Guanhães,"  4,984 "
MG,3123205,Dores do Indaiá,"  12,534 "
MG,3123304,Dores do Turvo,"  4,988 "
MG,3123403,Doresópolis,"  1,378 "
MG,3123502,Douradoquara,"  1,779 "
MG,3123528,Durandé,"  7,832 "
MG,3123601,Elói Mendes,"  26,283 "
MG,3123700,Engenheiro Caldas,"  13,629 "
MG,3123809,Engenheiro Navarro,"  6,318 "
MG,3123858,Entre Folhas,"  4,862 "
MG,3123908,Entre Rios de Minas,"  14,952 "
MG,3124005,Ervália,"  20,028 "
MG,3124104,Esmeraldas,"  102,608 "
MG,3124203,Espera Feliz,"  24,081 "
MG,3124302,Espinosa,"  29,650 "
MG,3124401,Espírito Santo do Dourado,"  5,832 "
MG,3124500,Estiva,"  11,520 "
MG,3124609,Estrela Dalva,"  2,142 "
MG,3124708,Estrela do Indaiá,"  2,764 "
MG,3124807,Estrela do Sul,"  6,717 "
MG,3124906,Eugenópolis,"  10,805 "
MG,3125002,Ewbank da Câmara,"  3,863 "
MG,3125101,Extrema,"  53,520 "
MG,3125200,Fama,"  2,542 "
MG,3125309,Faria Lemos,"  3,209 "
MG,3125408,Felício dos Santos,"  5,126 "
MG,3125507,São Gonçalo do Rio Preto,"  3,035 "
MG,3125606,Felisburgo,"  6,424 "
MG,3125705,Felixlândia,"  14,084 "
MG,3125804,Fernandes Tourinho,"  2,653 "
MG,3125903,Ferros,"  9,210 "
MG,3125952,Fervedouro,"  10,452 "
MG,3126000,Florestal,"  8,201 "
MG,3126109,Formiga,"  68,099 "
MG,3126208,Formoso,"  7,801 "
MG,3126307,Fortaleza de Minas,"  3,479 "
MG,3126406,Fortuna de Minas,"  3,102 "
MG,3126505,Francisco Badaró,"  8,795 "
MG,3126604,Francisco Dumont,"  4,472 "
MG,3126703,Francisco Sá,"  21,504 "
MG,3126752,Franciscópolis,"  5,040 "
MG,3126802,Frei Gaspar,"  5,617 "
MG,3126901,Frei Inocêncio,"  8,190 "
MG,3126950,Frei Lagonegro,"  3,391 "
MG,3127008,Fronteira,"  13,668 "
MG,3127057,Fronteira dos Vales,"  4,336 "
MG,3127073,Fruta de Leite,"  4,594 "
MG,3127107,Frutal,"  63,663 "
MG,3127206,Funilândia,"  4,699 "
MG,3127305,Galiléia,"  6,168 "
MG,3127339,Gameleiras,"  4,782 "
MG,3127354,Glaucilândia,"  2,637 "
MG,3127370,Goiabeira,"  2,816 "
MG,3127388,Goianá,"  4,064 "
MG,3127404,Gonçalves,"  4,649 "
MG,3127503,Gonzaga,"  5,189 "
MG,3127602,Gouveia,"  11,398 "
MG,3127701,Governador Valadares,"  262,499 "
MG,3127800,Grão Mogol,"  13,094 "
MG,3127909,Grupiara,"  1,392 "
MG,3128006,Guanhães,"  31,702 "
MG,3128105,Guapé,"  13,781 "
MG,3128204,Guaraciaba,"  10,487 "
MG,3128253,Guaraciama,"  5,010 "
MG,3128303,Guaranésia,"  19,209 "
MG,3128402,Guarani,"  7,487 "
MG,3128501,Guarará,"  3,070 "
MG,3128600,Guarda-Mor,"  6,539 "
MG,3128709,Guaxupé,"  51,015 "
MG,3128808,Guidoval,"  7,163 "
MG,3128907,Guimarânia,"  8,600 "
MG,3129004,Guiricema,"  7,708 "
MG,3129103,Gurinhatã,"  5,140 "
MG,3129202,Heliodora,"  6,325 "
MG,3129301,Iapu,"  12,012 "
MG,3129400,Ibertioga,"  5,204 "
MG,3129509,Ibiá,"  24,271 "
MG,3129608,Ibiaí,"  6,314 "
MG,3129657,Ibiracatu,"  5,409 "
MG,3129707,Ibiraci,"  10,780 "
MG,3129806,Ibirité,"  181,943 "
MG,3129905,Ibitiúra de Minas,"  3,368 "
MG,3130002,Ibituruna,"  2,464 "
MG,3130051,Icaraí de Minas,"  10,682 "
MG,3130101,Igarapé,"  44,920 "
MG,3130200,Igaratinga,"  11,095 "
MG,3130309,Iguatama,"  6,749 "
MG,3130408,Ijaci,"  6,263 "
MG,3130507,Ilicínea,"  12,741 "
MG,3130556,Imbé de Minas,"  6,992 "
MG,3130606,Inconfidentes,"  7,274 "
MG,3130655,Indaiabira,"  6,346 "
MG,3130705,Indianópolis,"  6,104 "
MG,3130804,Ingaí,"  2,476 "
MG,3130903,Inhapim,"  22,327 "
MG,3131000,Inhaúma,"  6,213 "
MG,3131109,Inimutaba,"  7,434 "
MG,3131158,Ipaba,"  16,552 "
MG,3131208,Ipanema,"  19,209 "
MG,3131307,Ipatinga,"  211,094 "
MG,3131406,Ipiaçu,"  3,715 "
MG,3131505,Ipuiúna,"  9,104 "
MG,3131604,Iraí de Minas,"  7,868 "
MG,3131703,Itabira,"  110,335 "
MG,3131802,Itabirinha,"  10,112 "
MG,3131901,Itabirito,"  58,544 "
MG,3132008,Itacambira,"  3,880 "
MG,3132107,Itacarambi,"  16,355 "
MG,3132206,Itaguara,"  14,408 "
MG,3132305,Itaipé,"  10,302 "
MG,3132404,Itajubá,"  90,776 "
MG,3132503,Itamarandiba,"  32,321 "
MG,3132602,Itamarati de Minas,"  3,696 "
MG,3132701,Itambacuri,"  21,080 "
MG,3132800,Itambé do Mato Dentro,"  2,140 "
MG,3132909,Itamogi,"  10,781 "
MG,3133006,Itamonte,"  14,569 "
MG,3133105,Itanhandu,"  15,226 "
MG,3133204,Itanhomi,"  11,158 "
MG,3133303,Itaobim,"  19,025 "
MG,3133402,Itapagipe,"  14,896 "
MG,3133501,Itapecerica,"  21,534 "
MG,3133600,Itapeva,"  12,305 "
MG,3133709,Itatiaiuçu,"  16,257 "
MG,3133758,Itaú de Minas,"  14,293 "
MG,3133808,Itaúna,"  95,967 "
MG,3133907,Itaverava,"  5,650 "
MG,3134004,Itinga,"  12,569 "
MG,3134103,Itueta,"  5,804 "
MG,3134202,Ituiutaba,"  97,409 "
MG,3134301,Itumirim,"  6,642 "
MG,3134400,Iturama,"  38,172 "
MG,3134509,Itutinga,"  4,218 "
MG,3134608,Jaboticatubas,"  19,697 "
MG,3134707,Jacinto,"  10,793 "
MG,3134806,Jacuí,"  7,515 "
MG,3134905,Jacutinga,"  25,538 "
MG,3135001,Jaguaraçu,"  3,106 "
MG,3135050,Jaíba,"  36,945 "
MG,3135076,Jampruca,"  4,261 "
MG,3135100,Janaúba,"  70,001 "
MG,3135209,Januária,"  65,279 "
MG,3135308,Japaraíba,"  4,509 "
MG,3135357,Japonvar,"  7,861 "
MG,3135407,Jeceaba,"  6,344 "
MG,3135456,Jenipapo de Minas,"  6,000 "
MG,3135506,Jequeri,"  12,693 "
MG,3135605,Jequitaí,"  6,449 "
MG,3135704,Jequitibá,"  5,900 "
MG,3135803,Jequitinhonha,"  22,262 "
MG,3135902,Jesuânia,"  5,138 "
MG,3136009,Joaíma,"  12,732 "
MG,3136108,Joanésia,"  4,333 "
MG,3136207,João Monlevade,"  75,838 "
MG,3136306,João Pinheiro,"  47,702 "
MG,3136405,Joaquim Felício,"  3,778 "
MG,3136504,Jordânia,"  8,866 "
MG,3136520,José Gonçalves de Minas,"  3,922 "
MG,3136553,José Raydan,"  4,267 "
MG,3136579,Josenópolis,"  3,607 "
MG,3136603,Nova União,"  5,729 "
MG,3136652,Juatuba,"  31,409 "
MG,3136702,Juiz de Fora,"  557,777 "
MG,3136801,Juramento,"  3,585 "
MG,3136900,Juruaia,"  11,000 "
MG,3136959,Juvenília,"  5,793 "
MG,3137007,Ladainha,"  13,868 "
MG,3137106,Lagamar,"  7,106 "
MG,3137205,Lagoa da Prata,"  52,051 "
MG,3137304,Lagoa dos Patos,"  3,293 "
MG,3137403,Lagoa Dourada,"  12,611 "
MG,3137502,Lagoa Formosa,"  19,050 "
MG,3137536,Lagoa Grande,"  9,096 "
MG,3137601,Lagoa Santa,"  70,678 "
MG,3137700,Lajinha,"  20,667 "
MG,3137809,Lambari,"  20,449 "
MG,3137908,Lamim,"  3,184 "
MG,3138005,Laranjal,"  5,806 "
MG,3138104,Lassance,"  7,089 "
MG,3138203,Lavras,"  98,602 "
MG,3138302,Leandro Ferreira,"  3,121 "
MG,3138351,Leme do Prado,"  4,312 "
MG,3138401,Leopoldina,"  49,020 "
MG,3138500,Liberdade,"  4,713 "
MG,3138609,Lima Duarte,"  17,248 "
MG,3138625,Limeira do Oeste,"  8,582 "
MG,3138658,Lontra,"  8,778 "
MG,3138674,Luisburgo,"  6,961 "
MG,3138682,Luislândia,"  6,158 "
MG,3138708,Luminárias,"  5,586 "
MG,3138807,Luz,"  17,972 "
MG,3138906,Machacalis,"  6,440 "
MG,3139003,Machado,"  36,932 "
MG,3139102,Madre de Deus de Minas,"  5,191 "
MG,3139201,Malacacheta,"  16,905 "
MG,3139250,Mamonas,"  5,993 "
MG,3139300,Manga,"  18,882 "
MG,3139409,Manhuaçu,"  88,787 "
MG,3139508,Manhumirim,"  19,812 "
MG,3139607,Mantena,"  26,352 "
MG,3139706,Maravilhas,"  7,300 "
MG,3139805,Mar de Espanha,"  12,400 "
MG,3139904,Maria da Fé,"  14,241 "
MG,3140001,Mariana,"  64,890 "
MG,3140100,Marilac,"  4,044 "
MG,3140159,Mário Campos,"  15,969 "
MG,3140209,Maripá de Minas,"  3,383 "
MG,3140308,Marliéria,"  4,577 "
MG,3140407,Marmelópolis,"  3,169 "
MG,3140506,Martinho Campos,"  13,979 "
MG,3140530,Martins Soares,"  8,267 "
MG,3140555,Mata Verde,"  10,096 "
MG,3140605,Materlândia,"  3,845 "
MG,3140704,Mateus Leme,"  43,996 "
MG,3140803,Matias Barbosa,"  14,019 "
MG,3140852,Matias Cardoso,"  8,879 "
MG,3140902,Matipó,"  18,506 "
MG,3141009,Mato Verde,"  12,045 "
MG,3141108,Matozinhos,"  36,927 "
MG,3141207,Matutina,"  3,807 "
MG,3141306,Medeiros,"  3,965 "
MG,3141405,Medina,"  19,199 "
MG,3141504,Mendes Pimentel,"  5,535 "
MG,3141603,Mercês,"  9,865 "
MG,3141702,Mesquita,"  5,043 "
MG,3141801,Minas Novas,"  24,117 "
MG,3141900,Minduri,"  3,690 "
MG,3142007,Mirabela,"  13,286 "
MG,3142106,Miradouro,"  8,935 "
MG,3142205,Miraí,"  13,630 "
MG,3142254,Miravânia,"  3,984 "
MG,3142304,Moeda,"  5,186 "
MG,3142403,Moema,"  8,302 "
MG,3142502,Monjolos,"  2,154 "
MG,3142601,Monsenhor Paulo,"  8,336 "
MG,3142700,Montalvânia,"  14,065 "
MG,3142809,Monte Alegre de Minas,"  20,004 "
MG,3142908,Monte Azul,"  20,345 "
MG,3143005,Monte Belo,"  13,092 "
MG,3143104,Monte Carmelo,"  47,267 "
MG,3143153,Monte Formoso,"  4,381 "
MG,3143203,Monte Santo de Minas,"  20,881 "
MG,3143302,Montes Claros,"  436,970 "
MG,3143401,Monte Sião,"  23,715 "
MG,3143450,Montezuma,"  6,901 "
MG,3143500,Morada Nova de Minas,"  8,988 "
MG,3143609,Morro da Garça,"  2,593 "
MG,3143708,Morro do Pilar,"  2,977 "
MG,3143807,Munhoz,"  7,618 "
MG,3143906,Muriaé,"  103,649 "
MG,3144003,Mutum,"  27,634 "
MG,3144102,Muzambinho,"  21,935 "
MG,3144201,Nacip Raydan,"  2,513 "
MG,3144300,Nanuque,"  34,668 "
MG,3144359,Naque,"  6,331 "
MG,3144375,Natalândia,"  3,514 "
MG,3144409,Natércia,"  4,580 "
MG,3144508,Nazareno,"  8,192 "
MG,3144607,Nepomuceno,"  24,869 "
MG,3144656,Ninheira,"  9,331 "
MG,3144672,Nova Belém,"  3,049 "
MG,3144706,Nova Era,"  16,920 "
MG,3144805,Nova Lima,"  117,819 "
MG,3144904,Nova Módica,"  3,614 "
MG,3145000,Nova Ponte,"  15,731 "
MG,3145059,Nova Porteirinha,"  6,660 "
MG,3145109,Nova Resende,"  16,545 "
MG,3145208,Nova Serrana,"  114,497 "
MG,3145307,Novo Cruzeiro,"  26,850 "
MG,3145356,Novo Oriente de Minas,"  10,086 "
MG,3145372,Novorizonte,"  4,545 "
MG,3145406,Olaria,"  1,936 "
MG,3145455,Olhos-d'Água,"  5,340 "
MG,3145505,Olímpio Noronha,"  2,555 "
MG,3145604,Oliveira,"  39,256 "
MG,3145703,Oliveira Fortes,"  1,996 "
MG,3145802,Onça de Pitangui,"  2,908 "
MG,3145851,Oratórios,"  4,910 "
MG,3145877,Orizânia,"  8,451 "
MG,3145901,Ouro Branco,"  39,206 "
MG,3146008,Ouro Fino,"  32,131 "
MG,3146107,Ouro Preto,"  76,069 "
MG,3146206,Ouro Verde de Minas,"  5,607 "
MG,3146255,Padre Carvalho,"  5,031 "
MG,3146305,Padre Paraíso,"  17,163 "
MG,3146404,Paineiras,"  4,199 "
MG,3146503,Pains,"  7,455 "
MG,3146552,Pai Pedro,"  5,568 "
MG,3146602,Paiva,"  1,474 "
MG,3146701,Palma,"  5,692 "
MG,3146750,Palmópolis,"  6,307 "
MG,3146909,Papagaios,"  13,724 "
MG,3147006,Paracatu,"  94,300 "
MG,3147105,Pará de Minas,"  97,507 "
MG,3147204,Paraguaçu,"  21,580 "
MG,3147303,Paraisópolis,"  20,463 "
MG,3147402,Paraopeba,"  23,776 "
MG,3147501,Passabém,"  1,604 "
MG,3147600,Passa Quatro,"  15,387 "
MG,3147709,Passa Tempo,"  9,204 "
MG,3147808,Passa Vinte,"  2,232 "
MG,3147907,Passos,"  110,555 "
MG,3147956,Patis,"  5,917 "
MG,3148004,Patos de Minas,"  159,434 "
MG,3148103,Patrocínio,"  91,901 "
MG,3148202,Patrocínio do Muriaé,"  5,579 "
MG,3148301,Paula Cândido,"  8,697 "
MG,3148400,Paulistas,"  4,269 "
MG,3148509,Pavão,"  8,044 "
MG,3148608,Peçanha,"  17,358 "
MG,3148707,Pedra Azul,"  24,452 "
MG,3148756,Pedra Bonita,"  7,320 "
MG,3148806,Pedra do Anta,"  3,511 "
MG,3148905,Pedra do Indaiá,"  3,725 "
MG,3149002,Pedra Dourada,"  2,752 "
MG,3149101,Pedralva,"  10,750 "
MG,3149150,Pedras de Maria da Cruz,"  10,445 "
MG,3149200,Pedrinópolis,"  3,359 "
MG,3149309,Pedro Leopoldo,"  60,154 "
MG,3149408,Pedro Teixeira,"  1,806 "
MG,3149507,Pequeri,"  3,351 "
MG,3149606,Pequi,"  4,042 "
MG,3149705,Perdigão,"  12,014 "
MG,3149804,Perdizes,"  17,999 "
MG,3149903,Perdões,"  21,329 "
MG,3149952,Periquito,"  6,566 "
MG,3150000,Pescador,"  3,537 "
MG,3150109,Piau,"  2,530 "
MG,3150158,Piedade de Caratinga,"  8,345 "
MG,3150208,Piedade de Ponte Nova,"  3,941 "
MG,3150307,Piedade do Rio Grande,"  4,560 "
MG,3150406,Piedade dos Gerais,"  5,215 "
MG,3150505,Pimenta,"  8,210 "
MG,3150539,Pingo-d'Água,"  4,714 "
MG,3150570,Pintópolis,"  6,922 "
MG,3150604,Piracema,"  7,451 "
MG,3150703,Pirajuba,"  5,438 "
MG,3150802,Piranga,"  15,308 "
MG,3150901,Piranguçu,"  5,848 "
MG,3151008,Piranguinho,"  9,109 "
MG,3151107,Pirapetinga,"  11,110 "
MG,3151206,Pirapora,"  55,876 "
MG,3151305,Piraúba,"  11,547 "
MG,3151404,Pitangui,"  26,568 "
MG,3151503,Piumhi,"  34,834 "
MG,3151602,Planura,"  10,503 "
MG,3151701,Poço Fundo,"  15,831 "
MG,3151800,Poços de Caldas,"  172,869 "
MG,3151909,Pocrane,"  8,715 "
MG,3152006,Pompéu,"  30,493 "
MG,3152105,Ponte Nova,"  58,779 "
MG,3152131,Ponto Chique,"  3,775 "
MG,3152170,Ponto dos Volantes,"  10,584 "
MG,3152204,Porteirinha,"  37,321 "
MG,3152303,Porto Firme,"  10,571 "
MG,3152402,Poté,"  13,643 "
MG,3152501,Pouso Alegre,"  162,028 "
MG,3152600,Pouso Alto,"  6,567 "
MG,3152709,Prados,"  8,964 "
MG,3152808,Prata,"  28,678 "
MG,3152907,Pratápolis,"  8,416 "
MG,3153004,Pratinha,"  3,566 "
MG,3153103,Presidente Bernardes,"  4,845 "
MG,3153202,Presidente Juscelino,"  3,630 "
MG,3153301,Presidente Kubitschek,"  3,075 "
MG,3153400,Presidente Olegário,"  19,471 "
MG,3153509,Alto Jequitibá,"  8,394 "
MG,3153608,Prudente de Morais,"  12,224 "
MG,3153707,Quartel Geral,"  3,150 "
MG,3153806,Queluzito,"  1,778 "
MG,3153905,Raposos,"  16,266 "
MG,3154002,Raul Soares,"  23,387 "
MG,3154101,Recreio,"  11,016 "
MG,3154150,Reduto,"  7,865 "
MG,3154200,Resende Costa,"  11,004 "
MG,3154309,Resplendor,"  15,775 "
MG,3154408,Ressaquinha,"  4,548 "
MG,3154457,Riachinho,"  8,197 "
MG,3154507,Riacho dos Machados,"  8,757 "
MG,3154606,Ribeirão das Neves,"  327,968 "
MG,3154705,Ribeirão Vermelho,"  3,953 "
MG,3154804,Rio Acima,"  10,263 "
MG,3154903,Rio Casca,"  12,795 "
MG,3155009,Rio Doce,"  2,121 "
MG,3155108,Rio do Prado,"  4,631 "
MG,3155207,Rio Espera,"  5,432 "
MG,3155306,Rio Manso,"  5,527 "
MG,3155405,Rio Novo,"  8,450 "
MG,3155504,Rio Paranaíba,"  14,602 "
MG,3155603,Rio Pardo de Minas,"  27,708 "
MG,3155702,Rio Piracicaba,"  14,120 "
MG,3155801,Rio Pomba,"  17,721 "
MG,3155900,Rio Preto,"  5,040 "
MG,3156007,Rio Vermelho,"  12,457 "
MG,3156106,Ritápolis,"  4,984 "
MG,3156205,Rochedo de Minas,"  2,292 "
MG,3156304,Rodeiro,"  8,596 "
MG,3156403,Romaria,"  3,104 "
MG,3156452,Rosário da Limeira,"  4,736 "
MG,3156502,Rubelita,"  5,695 "
MG,3156601,Rubim,"  10,321 "
MG,3156700,Sabará,"  131,294 "
MG,3156809,Sabinópolis,"  13,797 "
MG,3156908,Sacramento,"  25,888 "
MG,3157005,Salinas,"  39,969 "
MG,3157104,Salto da Divisa,"  6,015 "
MG,3157203,Santa Bárbara,"  29,491 "
MG,3157252,Santa Bárbara do Leste,"  7,990 "
MG,3157278,Santa Bárbara do Monte Verde,"  2,963 "
MG,3157302,Santa Bárbara do Tugúrio,"  4,204 "
MG,3157336,Santa Cruz de Minas,"  8,074 "
MG,3157377,Santa Cruz de Salinas,"  3,908 "
MG,3157401,Santa Cruz do Escalvado,"  4,852 "
MG,3157500,Santa Efigênia de Minas,"  4,272 "
MG,3157609,Santa Fé de Minas,"  3,521 "
MG,3157658,Santa Helena de Minas,"  5,897 "
MG,3157708,Santa Juliana,"  15,786 "
MG,3157807,Santa Luzia,"  213,709 "
MG,3157906,Santa Margarida,"  16,414 "
MG,3158003,Santa Maria de Itabira,"  10,133 "
MG,3158102,Santa Maria do Salto,"  4,666 "
MG,3158201,Santa Maria do Suaçuí,"  12,652 "
MG,3158300,Santana da Vargem,"  6,561 "
MG,3158409,Santana de Cataguases,"  3,503 "
MG,3158508,Santana de Pirapama,"  7,014 "
MG,3158607,Santana do Deserto,"  3,732 "
MG,3158706,Santana do Garambéu,"  2,140 "
MG,3158805,Santana do Jacaré,"  4,214 "
MG,3158904,Santana do Manhuaçu,"  9,010 "
MG,3158953,Santana do Paraíso,"  37,113 "
MG,3159001,Santana do Riacho,"  5,754 "
MG,3159100,Santana dos Montes,"  3,469 "
MG,3159209,Santa Rita de Caldas,"  8,400 "
MG,3159308,Santa Rita de Jacutinga,"  4,768 "
MG,3159357,Santa Rita de Minas,"  6,214 "
MG,3159407,Santa Rita de Ibitipoca,"  3,303 "
MG,3159506,Santa Rita do Itueto,"  5,831 "
MG,3159605,Santa Rita do Sapucaí,"  40,719 "
MG,3159704,Santa Rosa da Serra,"  3,414 "
MG,3159803,Santa Vitória,"  20,538 "
MG,3159902,Santo Antônio do Amparo,"  16,723 "
MG,3160009,Santo Antônio do Aventureiro,"  3,770 "
MG,3160108,Santo Antônio do Grama,"  4,229 "
MG,3160207,Santo Antônio do Itambé,"  3,846 "
MG,3160306,Santo Antônio do Jacinto,"  10,251 "
MG,3160405,Santo Antônio do Monte,"  28,345 "
MG,3160454,Santo Antônio do Retiro,"  6,621 "
MG,3160504,Santo Antônio do Rio Abaixo,"  1,808 "
MG,3160603,Santo Hipólito,"  2,593 "
MG,3160702,Santos Dumont,"  44,140 "
MG,3160801,São Bento Abade,"  4,710 "
MG,3160900,São Brás do Suaçuí,"  3,987 "
MG,3160959,São Domingos das Dores,"  5,621 "
MG,3161007,São Domingos do Prata,"  17,399 "
MG,3161056,São Félix de Minas,"  3,204 "
MG,3161106,São Francisco,"  51,321 "
MG,3161205,São Francisco de Paula,"  6,429 "
MG,3161304,São Francisco de Sales,"  5,532 "
MG,3161403,São Francisco do Glória,"  4,796 "
MG,3161502,São Geraldo,"  10,270 "
MG,3161601,São Geraldo da Piedade,"  3,307 "
MG,3161650,São Geraldo do Baixio,"  3,104 "
MG,3161700,São Gonçalo do Abaeté,"  7,152 "
MG,3161809,São Gonçalo do Pará,"  11,688 "
MG,3161908,São Gonçalo do Rio Abaixo,"  12,466 "
MG,3162005,São Gonçalo do Sapucaí,"  23,792 "
MG,3162104,São Gotardo,"  41,114 "
MG,3162203,São João Batista do Glória,"  7,455 "
MG,3162252,São João da Lagoa,"  4,818 "
MG,3162302,São João da Mata,"  2,803 "
MG,3162401,São João da Ponte,"  23,840 "
MG,3162450,São João das Missões,"  12,986 "
MG,3162500,São João del Rei,"  93,778 "
MG,3162559,São João do Manhuaçu,"  11,245 "
MG,3162575,São João do Manteninha,"  5,329 "
MG,3162609,São João do Oriente,"  7,049 "
MG,3162658,São João do Pacuí,"  3,884 "
MG,3162708,São João do Paraíso,"  20,502 "
MG,3162807,São João Evangelista,"  14,864 "
MG,3162906,São João Nepomuceno,"  24,970 "
MG,3162922,São Joaquim de Bicas,"  34,677 "
MG,3162948,São José da Barra,"  7,862 "
MG,3162955,São José da Lapa,"  27,125 "
MG,3163003,São José da Safira,"  3,769 "
MG,3163102,São José da Varginha,"  4,392 "
MG,3163201,São José do Alegre,"  4,125 "
MG,3163300,São José do Divino,"  3,437 "
MG,3163409,São José do Goiabal,"  5,400 "
MG,3163508,São José do Jacuri,"  6,098 "
MG,3163607,São José do Mantimento,"  2,768 "
MG,3163706,São Lourenço,"  44,432 "
MG,3163805,São Miguel do Anta,"  6,219 "
MG,3163904,São Pedro da União,"  4,869 "
MG,3164001,São Pedro dos Ferros,"  7,122 "
MG,3164100,São Pedro do Suaçuí,"  5,108 "
MG,3164209,São Romão,"  9,783 "
MG,3164308,São Roque de Minas,"  6,893 "
MG,3164407,São Sebastião da Bela Vista,"  6,390 "
MG,3164431,São Sebastião da Vargem Alegre,"  3,113 "
MG,3164472,São Sebastião do Anta,"  6,195 "
MG,3164506,São Sebastião do Maranhão,"  9,918 "
MG,3164605,São Sebastião do Oeste,"  8,819 "
MG,3164704,São Sebastião do Paraíso,"  70,976 "
MG,3164803,São Sebastião do Rio Preto,"  1,231 "
MG,3164902,São Sebastião do Rio Verde,"  2,299 "
MG,3165008,São Tiago,"  11,741 "
MG,3165107,São Tomás de Aquino,"  6,745 "
MG,3165206,São Tomé das Letras,"  6,782 "
MG,3165305,São Vicente de Minas,"  6,669 "
MG,3165404,Sapucaí-Mirim,"  6,288 "
MG,3165503,Sardoá,"  4,774 "
MG,3165537,Sarzedo,"  36,581 "
MG,3165552,Setubinha,"  9,797 "
MG,3165560,Sem-Peixe,"  2,382 "
MG,3165578,Senador Amaral,"  6,208 "
MG,3165602,Senador Cortes,"  2,237 "
MG,3165701,Senador Firmino,"  7,716 "
MG,3165800,Senador José Bento,"  2,071 "
MG,3165909,Senador Modestino Gonçalves,"  3,926 "
MG,3166006,Senhora de Oliveira,"  5,295 "
MG,3166105,Senhora do Porto,"  3,032 "
MG,3166204,Senhora dos Remédios,"  9,925 "
MG,3166303,Sericita,"  7,345 "
MG,3166402,Seritinga,"  1,812 "
MG,3166501,Serra Azul de Minas,"  3,906 "
MG,3166600,Serra da Saudade,  836 
MG,3166709,Serra dos Aimorés,"  6,847 "
MG,3166808,Serra do Salitre,"  13,152 "
MG,3166907,Serrania,"  7,518 "
MG,3166956,Serranópolis de Minas,"  4,398 "
MG,3167004,Serranos,"  1,952 "
MG,3167103,Serro,"  21,813 "
MG,3167202,Sete Lagoas,"  233,398 "
MG,3167301,Silveirânia,"  2,322 "
MG,3167400,Silvianópolis,"  6,061 "
MG,3167509,Simão Pereira,"  2,913 "
MG,3167608,Simonésia,"  19,807 "
MG,3167707,Sobrália,"  4,893 "
MG,3167806,Soledade de Minas,"  5,602 "
MG,3167905,Tabuleiro,"  3,926 "
MG,3168002,Taiobeiras,"  33,071 "
MG,3168051,Taparuba,"  3,390 "
MG,3168101,Tapira,"  3,975 "
MG,3168200,Tapiraí,"  1,689 "
MG,3168309,Taquaraçu de Minas,"  4,135 "
MG,3168408,Tarumirim,"  11,900 "
MG,3168507,Teixeiras,"  12,105 "
MG,3168606,Teófilo Otoni,"  142,030 "
MG,3168705,Timóteo,"  77,856 "
MG,3168804,Tiradentes,"  7,508 "
MG,3168903,Tiros,"  8,152 "
MG,3169000,Tocantins,"  14,912 "
MG,3169059,Tocos do Moji,"  4,086 "
MG,3169109,Toledo,"  7,190 "
MG,3169208,Tombos,"  8,621 "
MG,3169307,Três Corações,"  75,313 "
MG,3169356,Três Marias,"  28,320 "
MG,3169406,Três Pontas,"  53,511 "
MG,3169505,Tumiritinga,"  5,611 "
MG,3169604,Tupaciguara,"  25,500 "
MG,3169703,Turmalina,"  19,933 "
MG,3169802,Turvolândia,"  4,859 "
MG,3169901,Ubá,"  98,705 "
MG,3170008,Ubaí,"  11,606 "
MG,3170057,Ubaporanga,"  12,805 "
MG,3170107,Uberaba,"  359,090 "
MG,3170206,Uberlândia,"  725,536 "
MG,3170305,Umburatiba,"  2,686 "
MG,3170404,Unaí,"  86,867 "
MG,3170438,União de Minas,"  3,671 "
MG,3170479,Uruana de Minas,"  3,268 "
MG,3170503,Urucânia,"  10,480 "
MG,3170529,Urucuia,"  17,433 "
MG,3170578,Vargem Alegre,"  6,195 "
MG,3170602,Vargem Bonita,"  1,984 "
MG,3170651,Vargem Grande do Rio Pardo,"  4,631 "
MG,3170701,Varginha,"  137,078 "
MG,3170750,Varjão de Minas,"  7,023 "
MG,3170800,Várzea da Palma,"  32,885 "
MG,3170909,Varzelândia,"  18,842 "
MG,3171006,Vazante,"  20,771 "
MG,3171030,Verdelândia,"  7,348 "
MG,3171071,Veredinha,"  5,148 "
MG,3171105,Veríssimo,"  3,289 "
MG,3171154,Vermelho Novo,"  4,916 "
MG,3171204,Vespasiano,"  137,821 "
MG,3171303,Viçosa,"  85,119 "
MG,3171402,Vieiras,"  3,701 "
MG,3171501,Mathias Lobato,"  2,912 "
MG,3171600,Virgem da Lapa,"  11,513 "
MG,3171709,Virgínia,"  8,933 "
MG,3171808,Virginópolis,"  10,336 "
MG,3171907,Virgolândia,"  4,848 "
MG,3172004,Visconde do Rio Branco,"  38,493 "
MG,3172103,Volta Grande,"  4,367 "
MG,3172202,Wenceslau Braz,"  2,279 "